{
  "description": "项目配置文件",
  "miniprogramRoot": "miniprogram/",
  "compileType": "miniprogram",
  "setting": {
    "useCompilerPlugins": [
      "typescript",
      "less"
    ],
    "babelSetting": {
      "ignore": [],
      "disablePlugins": [],
      "outputPath": ""
    },
    "coverView": false,
    "postcss": false,
    "minified": true,
    "enhance": false,
    "showShadowRootInWxmlPanel": false,
    "packNpmRelationList": [],
    "ignoreUploadUnusedFiles": true,
    "compileHotReLoad": false,
    "skylineRenderEnable": true
  },
  "simulatorType": "wechat",
  "simulatorPluginLibVersion": {},
  "condition": {},
  "srcMiniprogramRoot": "miniprogram/",
  "editorSetting": {
    "tabIndent": "insertSpaces",
    "tabSize": 2
  },
  "cloudfunctionTemplateRoot": "cloudfunctionTemplate/",
  "packOptions": {
    "ignore": [],
    "include": []
  },
  "appid": "wxc674e6ba57662968"
}